ID,name,createdAt,createdBy,modifiedAt,modifiedBy
21330079-4be6-48ec-aacc-56f269044974,name-21330079,2008-11-01T00:00:00.000Z,createdBy.cp6e7@example.com,2015-03-29T00:00:00.000Z,modifiedBy.cp6e7@example.net
3946758d-2c0b-4d4e-a396-21bf56681b99,name-3946758,2020-07-12T00:00:00.000Z,createdBy.2clc6@example.net,2012-12-27T00:00:00.000Z,modifiedBy.2clc6@example.org
3946759c-f943-4cf6-82a4-dd63b49c00e5,name-3946759,2005-01-24T00:00:00.000Z,createdBy.2clc7@example.net,2020-12-25T00:00:00.000Z,modifiedBy.2clc7@example.com
39467600-c9ae-48b7-98b6-4716f0cc444c,name-3946760,2016-01-17T00:00:00.000Z,createdBy.2clc8@example.com,2023-02-28T00:00:00.000Z,modifiedBy.2clc8@example.org
39467611-b66a-4334-8347-dac00d6a4508,name-3946761,2018-12-20T00:00:00.000Z,createdBy.2clc9@example.org,2020-12-19T00:00:00.000Z,modifiedBy.2clc9@example.com
39467623-4db3-46a7-bd2d-da3118be0753,name-3946762,2006-06-18T00:00:00.000Z,createdBy.2clca@example.net,2000-10-18T00:00:00.000Z,modifiedBy.2clca@example.com
39467633-5211-4411-a55d-6391671b3f62,name-3946763,2000-05-30T00:00:00.000Z,createdBy.2clcb@example.org,2021-09-12T00:00:00.000Z,modifiedBy.2clcb@example.org
3946764a-8aa6-4002-af42-02082278e7fb,name-3946764,2013-12-01T00:00:00.000Z,createdBy.2clcc@example.org,2021-05-02T00:00:00.000Z,modifiedBy.2clcc@example.com
3946765c-0000-4cfd-be1e-6a7caf2e06ae,name-3946765,2001-10-07T00:00:00.000Z,createdBy.2clcd@example.org,2003-06-29T00:00:00.000Z,modifiedBy.2clcd@example.org
3946766a-f133-433b-afd6-031138f4469e,name-3946766,2000-07-16T00:00:00.000Z,createdBy.2clce@example.net,2023-06-01T00:00:00.000Z,modifiedBy.2clce@example.org